<?xml version="1.0" encoding="utf-8"?>
<ArrayOfCall xmlns:xsi="http://www.w3.org/2001/XMLSchema-instance" xmlns:xsd="http://www.w3.org/2001/XMLSchema">
  <Call>
    <CallId>2</CallId>
    <CallType>English_Middle</CallType>
    <Adress>10 Jaffa Street, Jerusalem</Adress>
    <Latitude>35.22119546257982</Latitude>
    <Longitude>31.78130811991647</Longitude>
    <OpenTime>2024-11-21T16:49:08</OpenTime>
    <MaxTime xsi:nil="true" />
  </Call>
  <Call>
    <CallId>3</CallId>
    <CallType>English_Middle</CallType>
    <Adress>20 Emek Refaim Street, Jerusalem</Adress>
    <Latitude>35.22123577032626</Latitude>
    <Longitude>31.76543961779154</Longitude>
    <OpenTime>2024-11-21T16:49:08</OpenTime>
    <MaxTime xsi:nil="true" />
  </Call>
  <Call>
    <CallId>4</CallId>
    <CallType>English_High</CallType>
    <Adress>30 Agripas Street, Jerusalem</Adress>
    <Latitude>35.215657362641764</Latitude>
    <Longitude>31.783470280009738</Longitude>
    <OpenTime>2024-11-21T16:49:08</OpenTime>
    <MaxTime xsi:nil="true" />
  </Call>
  <Call>
    <CallId>5</CallId>
    <CallType>English_Primary</CallType>
    <Adress>40 Shmuel HaNavi Street, Jerusalem</Adress>
    <Latitude>35.224665335668945</Latitude>
    <Longitude>31.791048846509597</Longitude>
    <OpenTime>2024-11-21T16:49:08</OpenTime>
    <MaxTime xsi:nil="true" />
  </Call>
  <Call>
    <CallId>6</CallId>
    <CallType>Grammary_Primary</CallType>
    <Adress>50 HaNevi'im Street, Jerusalem</Adress>
    <Latitude>35.221665622205705</Latitude>
    <Longitude>31.78391107912798</Longitude>
    <OpenTime>2024-11-21T16:49:08</OpenTime>
    <MaxTime xsi:nil="true" />
  </Call>
  <Call>
    <CallId>7</CallId>
    <CallType>English_Primary</CallType>
    <Adress>60 Gaza Street, Jerusalem</Adress>
    <Latitude>35.21205714918638</Latitude>
    <Longitude>31.771053788166768</Longitude>
    <OpenTime>2024-11-21T16:49:08</OpenTime>
    <MaxTime xsi:nil="true" />
  </Call>
  <Call>
    <CallId>8</CallId>
    <CallType>English_Primary</CallType>
    <Adress>4 Herzl Boulevard, Jerusalem</Adress>
    <Latitude>35.19764122028971</Latitude>
    <Longitude>31.785777797665002</Longitude>
    <OpenTime>2024-11-21T16:49:08</OpenTime>
    <MaxTime xsi:nil="true" />
  </Call>
  <Call>
    <CallId>9</CallId>
    <CallType>Math_Middle</CallType>
    <Adress>40 Masliansky Street, Jerusalem</Adress>
    <Latitude>35.18968763754008</Latitude>
    <Longitude>31.817876781912197</Longitude>
    <OpenTime>2024-11-21T16:49:08</OpenTime>
    <MaxTime xsi:nil="true" />
  </Call>
  <Call>
    <CallId>10</CallId>
    <CallType>English_High</CallType>
    <Adress>10 Ben Yehuda Street, Jerusalem</Adress>
    <Latitude>35.21774235102746</Latitude>
    <Longitude>31.78186936361579</Longitude>
    <OpenTime>2024-11-21T16:49:08</OpenTime>
    <MaxTime xsi:nil="true" />
  </Call>
  <Call>
    <CallId>11</CallId>
    <CallType>Grammary_Primary</CallType>
    <Adress>150 Hebron Road, Jerusalem</Adress>
    <Latitude>35.21658163568471</Latitude>
    <Longitude>31.74578724034863</Longitude>
    <OpenTime>2024-11-21T16:49:08</OpenTime>
    <MaxTime xsi:nil="true" />
  </Call>
  <Call>
    <CallId>12</CallId>
    <CallType>Math_Primary</CallType>
    <Adress>5 Hillel Street, Jerusalem</Adress>
    <Latitude>35.21638617800225</Latitude>
    <Longitude>31.78068910546481</Longitude>
    <OpenTime>2024-11-21T16:49:08</OpenTime>
    <MaxTime xsi:nil="true" />
  </Call>
  <Call>
    <CallId>13</CallId>
    <CallType>English_Primary</CallType>
    <Adress>6 Korazin Street, Jerusalem</Adress>
    <Latitude>35.209312878017535</Latitude>
    <Longitude>31.78255160178496</Longitude>
    <OpenTime>2024-11-21T16:49:08</OpenTime>
    <MaxTime xsi:nil="true" />
  </Call>
  <Call>
    <CallId>14</CallId>
    <CallType>Math_Primary</CallType>
    <Adress>35 King George Street, Jerusalem</Adress>
    <Latitude>35.2159379</Latitude>
    <Longitude>31.779769</Longitude>
    <OpenTime>2024-11-21T16:49:08</OpenTime>
    <MaxTime xsi:nil="true" />
  </Call>
  <Call>
    <CallId>15</CallId>
    <CallType>Math_High</CallType>
    <Adress>78 Ben Zvi Street, Jerusalem</Adress>
    <Latitude>35.2092867</Latitude>
    <Longitude>31.7798566</Longitude>
    <OpenTime>2024-11-21T16:49:08</OpenTime>
    <MaxTime xsi:nil="true" />
  </Call>
  <Call>
    <CallId>16</CallId>
    <CallType>Grammary_Primary</CallType>
    <Adress>4 Devorah HaNeviah Street, Jerusalem</Adress>
    <Latitude>35.224894</Latitude>
    <Longitude>31.789588</Longitude>
    <OpenTime>2024-11-21T16:49:08</OpenTime>
    <MaxTime xsi:nil="true" />
  </Call>
  <Call>
    <CallId>17</CallId>
    <CallType>Math_Primary</CallType>
    <Adress>15 Yehuda HaNasi Street, Jerusalem</Adress>
    <Latitude>35.202146</Latitude>
    <Longitude>31.75577</Longitude>
    <OpenTime>2024-11-21T16:49:08</OpenTime>
    <MaxTime xsi:nil="true" />
  </Call>
  <Call>
    <CallId>18</CallId>
    <CallType>Grammary_Middle</CallType>
    <Adress>5 Aliash Street, Jerusalem</Adress>
    <Latitude>35.201317</Latitude>
    <Longitude>31.755974</Longitude>
    <OpenTime>2024-11-21T16:49:08</OpenTime>
    <MaxTime xsi:nil="true" />
  </Call>
  <Call>
    <CallId>19</CallId>
    <CallType>Math_Middle</CallType>
    <Adress>15 Arlozorov Street, Jerusalem</Adress>
    <Latitude>35.215236</Latitude>
    <Longitude>31.781584</Longitude>
    <OpenTime>2024-11-21T16:49:08</OpenTime>
    <MaxTime xsi:nil="true" />
  </Call>
  <Call>
    <CallId>20</CallId>
    <CallType>Grammary_Primary</CallType>
    <Adress>13 Shamai Street, Jerusalem</Adress>
    <Latitude>35.216455</Latitude>
    <Longitude>31.77261</Longitude>
    <OpenTime>2024-11-21T16:49:08</OpenTime>
    <MaxTime xsi:nil="true" />
  </Call>
  <Call>
    <CallId>21</CallId>
    <CallType>English_High</CallType>
    <Adress>10 Tavor Street, Jerusalem</Adress>
    <Latitude>35.218053</Latitude>
    <Longitude>31.781239</Longitude>
    <OpenTime>2024-11-21T16:49:08</OpenTime>
    <MaxTime xsi:nil="true" />
  </Call>
  <Call>
    <CallId>22</CallId>
    <CallType>Math_High</CallType>
    <Adress>55 Ussishkin Street, Jerusalem</Adress>
    <Latitude>35.213336</Latitude>
    <Longitude>31.782361</Longitude>
    <OpenTime>2024-11-21T16:49:08</OpenTime>
    <MaxTime xsi:nil="true" />
  </Call>
  <Call>
    <CallId>23</CallId>
    <CallType>English_Middle</CallType>
    <Adress>7 Helene HaMalka Street, Jerusalem</Adress>
    <Latitude>35.212081</Latitude>
    <Longitude>31.780486</Longitude>
    <OpenTime>2024-11-21T16:49:08</OpenTime>
    <MaxTime xsi:nil="true" />
  </Call>
  <Call>
    <CallId>24</CallId>
    <CallType>English_Middle</CallType>
    <Adress>14 Lincoln Street, Jerusalem</Adress>
    <Latitude>35.221056</Latitude>
    <Longitude>31.7820255</Longitude>
    <OpenTime>2024-11-21T16:49:08</OpenTime>
    <MaxTime xsi:nil="true" />
  </Call>
  <Call>
    <CallId>25</CallId>
    <CallType>Grammary_Primary</CallType>
    <Adress>40 Zerach Street, Jerusalem</Adress>
    <Latitude>35.219964</Latitude>
    <Longitude>31.775421</Longitude>
    <OpenTime>2024-11-21T16:49:08</OpenTime>
    <MaxTime xsi:nil="true" />
  </Call>
  <Call>
    <CallId>26</CallId>
    <CallType>English_High</CallType>
    <Adress>22 Mea Shearim Street, Jerusalem</Adress>
    <Latitude>35.190149</Latitude>
    <Longitude>31.816719</Longitude>
    <OpenTime>2024-11-21T16:49:08</OpenTime>
    <MaxTime xsi:nil="true" />
  </Call>
  <Call>
    <CallId>27</CallId>
    <CallType>Math_Primary</CallType>
    <Adress>10 King David Street, Jerusalem</Adress>
    <Latitude>35.222337</Latitude>
    <Longitude>31.787706</Longitude>
    <OpenTime>2024-11-21T16:49:08</OpenTime>
    <MaxTime xsi:nil="true" />
  </Call>
  <Call>
    <CallId>28</CallId>
    <CallType>Math_High</CallType>
    <Adress>30 Ruth Street, Jerusalem</Adress>
    <Latitude>35.222155</Latitude>
    <Longitude>31.776943</Longitude>
    <OpenTime>2024-11-21T16:49:08</OpenTime>
    <MaxTime xsi:nil="true" />
  </Call>
  <Call>
    <CallId>29</CallId>
    <CallType>Math_Middle</CallType>
    <Adress>9 Beit HaDfus Street, Jerusalem</Adress>
    <Latitude>35.217356</Latitude>
    <Longitude>31.7765005</Longitude>
    <OpenTime>2024-11-21T16:49:08</OpenTime>
    <MaxTime xsi:nil="true" />
  </Call>
  <Call>
    <CallId>30</CallId>
    <CallType>Math_High</CallType>
    <Adress>5 David Yellin Street, Jerusalem</Adress>
    <Latitude>35.18918</Latitude>
    <Longitude>31.785952</Longitude>
    <OpenTime>2024-11-21T16:49:08</OpenTime>
    <MaxTime xsi:nil="true" />
  </Call>
  <Call>
    <CallId>31</CallId>
    <CallType>Grammary_Primary</CallType>
    <Adress>8 Shmuel HaNagid Street, Jerusalem</Adress>
    <Latitude>35.216914</Latitude>
    <Longitude>31.786426</Longitude>
    <OpenTime>2024-11-21T16:49:08</OpenTime>
    <MaxTime xsi:nil="true" />
  </Call>
  <Call>
    <CallId>32</CallId>
    <CallType>English_Middle</CallType>
    <Adress>15 HaTzanhanim Street, Jerusalem</Adress>
    <Latitude>35.214816</Latitude>
    <Longitude>31.780594</Longitude>
    <OpenTime>2024-11-21T16:49:08</OpenTime>
    <MaxTime xsi:nil="true" />
  </Call>
  <Call>
    <CallId>33</CallId>
    <CallType>English_Primary</CallType>
    <Adress>9 Rabbi Akiva Street, Jerusalem</Adress>
    <Latitude>35.226296</Latitude>
    <Longitude>31.779808</Longitude>
    <OpenTime>2024-11-21T16:49:08</OpenTime>
    <MaxTime xsi:nil="true" />
  </Call>
  <Call>
    <CallId>34</CallId>
    <CallType>English_Primary</CallType>
    <Adress>7 Greenberg Street, Jerusalem</Adress>
    <Latitude>35.192176</Latitude>
    <Longitude>31.81637</Longitude>
    <OpenTime>2024-11-21T16:49:08</OpenTime>
    <MaxTime xsi:nil="true" />
  </Call>
  <Call>
    <CallId>35</CallId>
    <CallType>Grammary_Middle</CallType>
    <Adress>6 Henrietta Szold Street, Jerusalem</Adress>
    <Latitude>35.218002</Latitude>
    <Longitude>31.779226</Longitude>
    <OpenTime>2024-11-21T16:49:08</OpenTime>
    <MaxTime xsi:nil="true" />
  </Call>
  <Call>
    <CallId>36</CallId>
    <CallType>Grammary_Primary</CallType>
    <Adress>5 Shmuel HaNagid Street, Jerusalem</Adress>
    <Latitude>35.1915</Latitude>
    <Longitude>31.817092</Longitude>
    <OpenTime>2024-11-21T16:49:08</OpenTime>
    <MaxTime xsi:nil="true" />
  </Call>
  <Call>
    <CallId>37</CallId>
    <CallType>Grammary_Primary</CallType>
    <Adress>18 Beit Vagan Street, Jerusalem</Adress>
    <Latitude>35.160694</Latitude>
    <Longitude>31.757365</Longitude>
    <OpenTime>2024-11-21T16:49:08</OpenTime>
    <MaxTime xsi:nil="true" />
  </Call>
  <Call>
    <CallId>38</CallId>
    <CallType>Math_Middle</CallType>
    <Adress>12 Neve Sha'anan Street, Jerusalem</Adress>
    <Latitude>35.214955</Latitude>
    <Longitude>31.780274</Longitude>
    <OpenTime>2024-11-21T16:49:08</OpenTime>
    <MaxTime xsi:nil="true" />
  </Call>
  <Call>
    <CallId>39</CallId>
    <CallType>English_Primary</CallType>
    <Adress>3 Rachel Imenu Street, Jerusalem</Adress>
    <Latitude>35.183917</Latitude>
    <Longitude>31.771251</Longitude>
    <OpenTime>2024-11-21T16:49:08</OpenTime>
    <MaxTime xsi:nil="true" />
  </Call>
  <Call>
    <CallId>40</CallId>
    <CallType>Math_Primary</CallType>
    <Adress>15 Hillel Street, Jerusalem</Adress>
    <Latitude>35.200909</Latitude>
    <Longitude>31.771493</Longitude>
    <OpenTime>2024-11-21T16:49:08</OpenTime>
    <MaxTime xsi:nil="true" />
  </Call>
  <Call>
    <CallId>41</CallId>
    <CallType>English_Middle</CallType>
    <Adress>8 Bezalel Street, Jerusalem</Adress>
    <Latitude>35.218213</Latitude>
    <Longitude>31.763331</Longitude>
    <OpenTime>2024-11-21T16:49:08</OpenTime>
    <MaxTime xsi:nil="true" />
  </Call>
  <Call>
    <CallId>42</CallId>
    <CallType>English_Primary</CallType>
    <Adress>9 Kiryat Moshe Street, Jerusalem</Adress>
    <Latitude>35.217068</Latitude>
    <Longitude>31.780627</Longitude>
    <OpenTime>2024-11-21T16:49:08</OpenTime>
    <MaxTime xsi:nil="true" />
  </Call>
  <Call>
    <CallId>43</CallId>
    <CallType>English_High</CallType>
    <Adress>13 Pierre Koenig Street, Jerusalem</Adress>
    <Latitude>35.214544</Latitude>
    <Longitude>31.780728</Longitude>
    <OpenTime>2024-11-21T16:49:08</OpenTime>
    <MaxTime xsi:nil="true" />
  </Call>
</ArrayOfCall>