<?xml version="1.0" encoding="utf-8"?>
<ArrayOfVolunteer xmlns:xsi="http://www.w3.org/2001/XMLSchema-instance" xmlns:xsd="http://www.w3.org/2001/XMLSchema">
  <Volunteer>
    <VolunteerId>234567890</VolunteerId>
    <Name>Efrati Amar</Name>
    <Phone>052-7956420</Phone>
    <Email>Efrati@gmail.com</Email>
    <RoleType>Volunteer</RoleType>
    <DistanceType>AirDistance</DistanceType>
    <Password>0842813</Password>
    <Adress>רחוב יפו 123, ירושלים</Adress>
    <Distance>16284</Distance>
    <Latitude xsi:nil="true" />
    <Longitude xsi:nil="true" />
    <IsActive>true</IsActive>
  </Volunteer>
  <Volunteer>
    <VolunteerId>789456123</VolunteerId>
    <Name>Chani Nadler</Name>
    <Phone>053-3235258</Phone>
    <Email>Chani@gmail.com</Email>
    <RoleType>Volunteer</RoleType>
    <DistanceType>AirDistance</DistanceType>
    <Password>08428133991954</Password>
    <Adress>רחוב המלך דוד 45, ירושלים</Adress>
    <Distance>23401</Distance>
    <Latitude xsi:nil="true" />
    <Longitude xsi:nil="true" />
    <IsActive>true</IsActive>
  </Volunteer>
  <Volunteer>
    <VolunteerId>543216789</VolunteerId>
    <Name>Shulamit Reches</Name>
    <Phone>053-8591416</Phone>
    <Email>Shulamit@gmail.com</Email>
    <RoleType>Volunteer</RoleType>
    <DistanceType>AirDistance</DistanceType>
    <Password>084281339919548113123</Password>
    <Adress>רחוב הנביאים 67, ירושלים</Adress>
    <Distance>37481</Distance>
    <Latitude xsi:nil="true" />
    <Longitude xsi:nil="true" />
    <IsActive>true</IsActive>
  </Volunteer>
  <Volunteer>
    <VolunteerId>678901234</VolunteerId>
    <Name>Ivy Kidron</Name>
    <Phone>056-4318317</Phone>
    <Email>Ivy@gmail.com</Email>
    <RoleType>Volunteer</RoleType>
    <DistanceType>AirDistance</DistanceType>
    <Password>0842813399195481131232666657</Password>
    <Adress>שדרות הרצל 89, ירושלים</Adress>
    <Distance>5839</Distance>
    <Latitude xsi:nil="true" />
    <Longitude xsi:nil="true" />
    <IsActive>true</IsActive>
  </Volunteer>
  <Volunteer>
    <VolunteerId>345678901</VolunteerId>
    <Name>Esteria Eisenberg</Name>
    <Phone>054-4600014</Phone>
    <Email>Esteria@gmail.com</Email>
    <RoleType>Volunteer</RoleType>
    <DistanceType>AirDistance</DistanceType>
    <Password>08428133991954811312326666572600635</Password>
    <Adress>רחוב עזה 101, ירושלים</Adress>
    <Distance>19930</Distance>
    <Latitude xsi:nil="true" />
    <Longitude xsi:nil="true" />
    <IsActive>true</IsActive>
  </Volunteer>
  <Volunteer>
    <VolunteerId>432109876</VolunteerId>
    <Name>Yafit Maayan</Name>
    <Phone>057-2566774</Phone>
    <Email>Yafit@gmail.com</Email>
    <RoleType>Volunteer</RoleType>
    <DistanceType>AirDistance</DistanceType>
    <Password>084281339919548113123266665726006359631167</Password>
    <Adress>רחוב עמק רפאים 12, ירושלים</Adress>
    <Distance>27049</Distance>
    <Latitude xsi:nil="true" />
    <Longitude xsi:nil="true" />
    <IsActive>true</IsActive>
  </Volunteer>
  <Volunteer>
    <VolunteerId>567890123</VolunteerId>
    <Name>Dan Zilberstein</Name>
    <Phone>058-3513855</Phone>
    <Email>Dan@gmail.com</Email>
    <RoleType>Volunteer</RoleType>
    <DistanceType>AirDistance</DistanceType>
    <Password>0842813399195481131232666657260063596311675464544</Password>
    <Adress>רחוב דרך חברון 34, ירושלים</Adress>
    <Distance>2901</Distance>
    <Latitude xsi:nil="true" />
    <Longitude xsi:nil="true" />
    <IsActive>true</IsActive>
  </Volunteer>
  <Volunteer>
    <VolunteerId>298765432</VolunteerId>
    <Name>Moshe Cohen</Name>
    <Phone>057-5036523</Phone>
    <Email>Moshe@gmail.com</Email>
    <RoleType>Volunteer</RoleType>
    <DistanceType>AirDistance</DistanceType>
    <Password>08428133991954811312326666572600635963116754645441867991</Password>
    <Adress>רחוב אגריפס 56, ירושלים</Adress>
    <Distance>34180</Distance>
    <Latitude xsi:nil="true" />
    <Longitude xsi:nil="true" />
    <IsActive>true</IsActive>
  </Volunteer>
  <Volunteer>
    <VolunteerId>601234567</VolunteerId>
    <Name>Yael Levy</Name>
    <Phone>058-4708615</Phone>
    <Email>Yael@gmail.com</Email>
    <RoleType>Volunteer</RoleType>
    <DistanceType>AirDistance</DistanceType>
    <Password>084281339919548113123266665726006359631167546454418679910642727</Password>
    <Adress>רחוב בן יהודה 78, ירושלים</Adress>
    <Distance>28300</Distance>
    <Latitude xsi:nil="true" />
    <Longitude xsi:nil="true" />
    <IsActive>true</IsActive>
  </Volunteer>
  <Volunteer>
    <VolunteerId>712345678</VolunteerId>
    <Name>Noa Shapira</Name>
    <Phone>054-8411760</Phone>
    <Email>Noa@gmail.com</Email>
    <RoleType>Volunteer</RoleType>
    <DistanceType>AirDistance</DistanceType>
    <Password>0842813399195481131232666657260063596311675464544186799106427278941505</Password>
    <Adress>רחוב קרן היסוד 23, ירושלים</Adress>
    <Distance>581</Distance>
    <Latitude xsi:nil="true" />
    <Longitude xsi:nil="true" />
    <IsActive>true</IsActive>
  </Volunteer>
  <Volunteer>
    <VolunteerId>456789012</VolunteerId>
    <Name>Avi Goldman</Name>
    <Phone>057-8579851</Phone>
    <Email>Avi@gmail.com</Email>
    <RoleType>Volunteer</RoleType>
    <DistanceType>AirDistance</DistanceType>
    <Password>08428133991954811312326666572600635963116754645441867991064272789415058158122</Password>
    <Adress>רחוב שמואל הנגיד 15, ירושלים</Adress>
    <Distance>28536</Distance>
    <Latitude xsi:nil="true" />
    <Longitude xsi:nil="true" />
    <IsActive>true</IsActive>
  </Volunteer>
  <Volunteer>
    <VolunteerId>789012345</VolunteerId>
    <Name>Talia Friedman</Name>
    <Phone>058-8729809</Phone>
    <Email>Talia@gmail.com</Email>
    <RoleType>Volunteer</RoleType>
    <DistanceType>AirDistance</DistanceType>
    <Password>084281339919548113123266665726006359631167546454418679910642727894150581581227737494</Password>
    <Adress>רחוב בצלאל 42, ירושלים</Adress>
    <Distance>4109</Distance>
    <Latitude xsi:nil="true" />
    <Longitude xsi:nil="true" />
    <IsActive>true</IsActive>
  </Volunteer>
  <Volunteer>
    <VolunteerId>234098765</VolunteerId>
    <Name>Ronen Mizrachi</Name>
    <Phone>054-3759689</Phone>
    <Email>Ronen@gmail.com</Email>
    <RoleType>Volunteer</RoleType>
    <DistanceType>AirDistance</DistanceType>
    <Password>0842813399195481131232666657260063596311675464544186799106427278941505815812277374947586739</Password>
    <Adress>רחוב הפלמ״ח 90, ירושלים</Adress>
    <Distance>37510</Distance>
    <Latitude xsi:nil="true" />
    <Longitude xsi:nil="true" />
    <IsActive>true</IsActive>
  </Volunteer>
  <Volunteer>
    <VolunteerId>650123478</VolunteerId>
    <Name>Maya Berkovich</Name>
    <Phone>056-4779312</Phone>
    <Email>Maya@gmail.com</Email>
    <RoleType>Volunteer</RoleType>
    <DistanceType>AirDistance</DistanceType>
    <Password>08428133991954811312326666572600635963116754645441867991064272789415058158122773749475867395305132</Password>
    <Adress>רחוב המלך ג׳ורג׳ 33, ירושלים</Adress>
    <Distance>8949</Distance>
    <Latitude xsi:nil="true" />
    <Longitude xsi:nil="true" />
    <IsActive>true</IsActive>
  </Volunteer>
  <Volunteer>
    <VolunteerId>345678123</VolunteerId>
    <Name>Doron Avraham</Name>
    <Phone>055-1121340</Phone>
    <Email>Doron@gmail.com</Email>
    <RoleType>Volunteer</RoleType>
    <DistanceType>AirDistance</DistanceType>
    <Password>084281339919548113123266665726006359631167546454418679910642727894150581581227737494758673953051323921686</Password>
    <Adress>רחוב הלל 67, ירושלים</Adress>
    <Distance>17340</Distance>
    <Latitude xsi:nil="true" />
    <Longitude xsi:nil="true" />
    <IsActive>true</IsActive>
  </Volunteer>
</ArrayOfVolunteer>